problem,layer,expected,casc,casc_t,disc,disc_t,lrs,lrs_t,otter,otter_t,e,e_t,z3,z3_t,cvc5,cvc5_t
KGC900-1,Alignment,Theorem,Theorem,0.50,Theorem,0.11,Theorem,0.12,Theorem,0.11,Theorem,0.04,unsat,0.06,unsat,0.08
KGC901-1,Alignment,Theorem,Theorem,0.04,Theorem,0.09,Theorem,0.10,Theorem,0.09,Theorem,0.04,sat,0.12,unknown,0.03
KGC902-1,Alignment,Theorem,Theorem,0.14,Theorem,0.05,Theorem,0.04,Theorem,0.04,Theorem,0.04,unsat,0.02,unsat,0.02
KGC910-1,Alignment,Theorem,Theorem,0.03,Theorem,0.02,Theorem,0.02,Theorem,0.02,Theorem,0.01,unsat,0.03,unsat,0.02
KGC700-1,Composition,Theorem,Theorem,0.76,Theorem,0.24,Theorem,0.22,Theorem,0.22,Theorem,0.05,unsat,0.02,unsat,0.01
KGC701-1,Composition,CounterSatisfiable,CounterSatisfiable,1.46,Timeout,10.03,Timeout,10.03,Timeout,10.03,CounterSatisfiable,0.16,sat,0.05,unknown,0.07
KGC702-1,Composition,Theorem,Theorem,0.04,Theorem,0.03,Theorem,0.03,Theorem,0.03,Theorem,0.02,sat,0.02,unknown,0.01
KGC703-1,Composition,CounterSatisfiable,CounterSatisfiable,1.37,CounterSatisfiable,0.03,CounterSatisfiable,0.03,CounterSatisfiable,0.03,CounterSatisfiable,1.51,sat,0.02,unknown,0.02
KGC704-1,Composition,Theorem,Theorem,0.43,Theorem,0.09,Theorem,0.08,Theorem,0.07,Theorem,0.03,unsat,0.02,unsat,0.01
KGC705-1,Composition,CounterSatisfiable,Timeout,9.98,Timeout,10.03,Timeout,10.02,Timeout,10.03,ResourceOut,10.03,sat,0.05,unknown,0.06
KGC706-1,Composition,Theorem,Theorem,3.77,Theorem,0.40,Theorem,0.34,Theorem,0.34,Theorem,0.05,unsat,0.01,unsat,0.01
KGC710-1,Composition,Theorem,Theorem,0.37,Theorem,0.09,Theorem,0.11,Theorem,0.11,Theorem,2.19,unsat,0.02,unsat,0.01
KGC711-1,Composition,Theorem,Theorem,0.03,Theorem,0.03,Theorem,0.03,Theorem,0.03,Theorem,0.03,sat,0.02,unknown,0.01
KGC712-1,Composition,Theorem,Theorem,0.04,Theorem,0.03,Theorem,0.03,Theorem,0.03,Theorem,0.11,sat,0.02,unknown,0.01
KGC713-1,Composition,Theorem,Theorem,3.49,Theorem,0.15,Theorem,0.16,Theorem,0.16,Theorem,5.22,unsat,0.02,unsat,0.01
KGC300-1,Conflict,Theorem,Theorem,0.06,Theorem,0.06,Theorem,0.05,Theorem,0.05,Theorem,0.26,unsat,0.02,unsat,0.01
KGC301-1,Conflict,CounterSatisfiable,CounterSatisfiable,0.77,CounterSatisfiable,0.03,CounterSatisfiable,0.03,CounterSatisfiable,0.03,CounterSatisfiable,0.06,sat,0.02,sat,0.01
KGC302-1,Conflict,Theorem,Theorem,0.03,Theorem,0.03,Theorem,0.03,Theorem,0.03,Theorem,0.02,sat,0.02,sat,0.01
KGC400-1,Conflict,Theorem,Theorem,0.05,Theorem,0.06,Theorem,0.05,Theorem,0.05,Theorem,0.26,unsat,0.02,unsat,0.02
KGC401-1,Conflict,Theorem,Theorem,0.03,Theorem,0.03,Theorem,0.03,Theorem,0.03,Theorem,0.02,sat,0.02,sat,0.01
KGC402-1,Conflict,CounterSatisfiable,CounterSatisfiable,0.67,CounterSatisfiable,0.03,CounterSatisfiable,0.03,CounterSatisfiable,0.03,CounterSatisfiable,0.07,sat,0.02,unknown,0.01
KGC410-1,Conflict,Theorem,Theorem,0.04,Theorem,0.05,Theorem,0.05,Theorem,0.05,Theorem,0.13,unsat,0.02,unsat,0.02
KGC411-1,Conflict,Theorem,Theorem,0.04,Theorem,0.03,Theorem,0.03,Theorem,0.03,Theorem,0.02,sat,0.03,sat,0.01
KGC412-1,Conflict,CounterSatisfiable,CounterSatisfiable,0.88,CounterSatisfiable,0.03,CounterSatisfiable,0.03,CounterSatisfiable,0.03,CounterSatisfiable,0.06,sat,0.02,unknown,0.01
KGC420-1,Conflict,Theorem,Theorem,0.04,Theorem,0.05,Theorem,0.06,Theorem,0.06,Theorem,0.14,unsat,0.02,unsat,0.01
KGC421-1,Conflict,Theorem,Theorem,0.03,Theorem,0.03,Theorem,0.02,Theorem,0.03,Theorem,0.02,sat,0.02,sat,0.02
KGC422-1,Conflict,CounterSatisfiable,CounterSatisfiable,0.87,CounterSatisfiable,0.03,CounterSatisfiable,0.03,CounterSatisfiable,0.03,CounterSatisfiable,0.07,sat,0.02,unknown,0.01
KGC430-1,Conflict,CounterSatisfiable,CounterSatisfiable,0.73,CounterSatisfiable,7.22,Timeout,5.58,CounterSatisfiable,5.75,CounterSatisfiable,0.82,unsat,0.05,unsat,0.07
KGC431-1,Conflict,Theorem,Theorem,0.03,Theorem,0.03,Theorem,0.03,Theorem,0.03,Theorem,0.02,sat,0.03,sat,0.02
KGC432-1,Conflict,CounterSatisfiable,CounterSatisfiable,0.78,CounterSatisfiable,0.03,CounterSatisfiable,0.03,CounterSatisfiable,0.03,CounterSatisfiable,0.06,sat,0.03,unknown,0.01
KGC440-1,Conflict,Theorem,Theorem,0.16,Theorem,0.10,Theorem,0.24,Theorem,0.24,ResourceOut,10.18,unsat,0.04,unsat,0.06
KGC441-1,Conflict,Theorem,Theorem,0.06,Theorem,0.03,Theorem,0.03,Theorem,0.03,Theorem,0.03,sat,0.02,sat,0.02
KGC442-1,Conflict,CounterSatisfiable,CounterSatisfiable,0.77,CounterSatisfiable,0.03,CounterSatisfiable,0.03,CounterSatisfiable,0.03,CounterSatisfiable,2.41,sat,0.06,unknown,0.03
KGC450-1,Conflict,Theorem,Theorem,0.04,Theorem,0.06,Theorem,0.06,Theorem,0.06,Theorem,0.22,unsat,0.02,unsat,0.01
KGC451-1,Conflict,Theorem,Theorem,0.03,Theorem,0.03,Theorem,0.03,Theorem,0.03,Theorem,0.02,sat,0.03,sat,0.01
KGC460-1,Conflict,Theorem,Theorem,0.04,Theorem,0.07,Theorem,0.06,Theorem,0.06,Theorem,1.30,unsat,0.02,unsat,0.01
KGC461-1,Conflict,Theorem,Theorem,0.04,Theorem,0.03,Theorem,0.03,Theorem,0.03,Theorem,0.03,sat,0.02,sat,0.01
KGC800-1,Monotonicity,Theorem,Theorem,0.03,Theorem,0.03,Theorem,0.03,Theorem,0.03,Theorem,0.02,unsat,0.02,unsat,0.01
KGC801-1,Monotonicity,Theorem,Theorem,0.14,Theorem,0.03,Theorem,0.04,Theorem,0.04,Theorem,0.02,unsat,0.02,unsat,0.01
KGC802-1,Monotonicity,Theorem,Theorem,0.03,Theorem,0.03,Theorem,0.03,Theorem,0.03,Theorem,0.01,unsat,0.03,unsat,0.02
KGC803-1,Monotonicity,Theorem,Theorem,0.03,Theorem,0.03,Theorem,0.02,Theorem,0.02,Theorem,0.01,sat,0.03,unknown,0.02
KGC804-1,Monotonicity,Theorem,Theorem,0.03,Theorem,0.02,Theorem,0.02,Theorem,0.02,Theorem,0.01,sat,0.03,unknown,0.02
KGC805-1,Monotonicity,Theorem,Theorem,0.03,Theorem,0.02,Theorem,0.02,Theorem,0.02,Theorem,0.01,sat,0.03,unknown,0.01
KGC806-1,Monotonicity,Theorem,Theorem,0.03,Theorem,0.02,Theorem,0.02,Theorem,0.02,Theorem,0.01,unsat,0.02,unsat,0.02
KGC807-1,Monotonicity,Theorem,Theorem,0.03,Theorem,0.02,Theorem,0.02,Theorem,0.02,Theorem,0.01,unsat,0.02,unsat,0.01
KGC808-1,Monotonicity,Theorem,Theorem,0.03,Theorem,0.02,Theorem,0.02,Theorem,0.02,Theorem,0.02,unsat,0.02,unsat,0.01
KGC810-1,Monotonicity,CounterSatisfiable,CounterSatisfiable,1.71,Timeout,10.03,Timeout,10.03,Timeout,10.03,ResourceOut,11.73,sat,0.32,unknown,0.12
KGC812-1,Monotonicity,Theorem,ContradictoryAxioms,0.09,ContradictoryAxioms,0.03,ContradictoryAxioms,0.02,ContradictoryAxioms,0.03,ContradictoryAxioms,0.02,unsat,0.02,unsat,0.02
KGC500-1,Refinement,Theorem,Theorem,0.21,Theorem,0.09,Theorem,0.07,Theorem,0.07,Theorem,0.11,unsat,0.02,unsat,0.02
KGC501-1,Refinement,CounterSatisfiable,CounterSatisfiable,1.12,Timeout,10.03,Timeout,10.11,Timeout,10.16,CounterSatisfiable,0.22,sat,0.06,unknown,0.07
KGC502-1,Refinement,CounterSatisfiable,CounterSatisfiable,1.19,CounterSatisfiable,0.04,CounterSatisfiable,0.07,CounterSatisfiable,0.04,CounterSatisfiable,0.10,sat,0.02,unknown,0.01
KGC600-1,Runtime,Theorem,Theorem,0.04,Theorem,0.04,Theorem,0.03,Theorem,0.03,Theorem,0.02,unsat,0.02,unsat,0.01
KGC601-1,Runtime,Theorem,Theorem,0.04,Theorem,0.03,Theorem,0.03,Theorem,0.03,Theorem,0.04,unsat,0.02,unsat,0.01
KGC602-1,Runtime,Theorem,Theorem,0.04,Theorem,0.03,Theorem,0.03,Theorem,0.03,Theorem,0.02,unsat,0.02,unsat,0.01
